Fecha,Hora,Producto,ISIN,Bolsa,Número,,Precio,,Valor local,,Valor,Tipo de cambio,,Comisión,,Total,ID Orden
07-07-2020,15:44,NIKOLA CORP,US6541101050,NDQ,70,USD,43.9000,USD,-3073.00,EUR,-2722.67,1.1287,EUR,-0.75,EUR,-2723.42,9d50919a-6c1e-4bc5-8ed2-37e096051e37
06-07-2020,17:15,AUDAX RENOVABLES SA,ES0136463017,MAD,2000,EUR,1.6560,EUR,-3312.00,EUR,-3312.00,,EUR,-3.66,EUR,-3315.66,5fe31f94-d3ad-4d28-a218-fdbe4d8883a9
06-07-2020,10:49,PHARMA MAR SA,ES0169501030,MAD,-215,EUR,9.2500,EUR,1988.75,EUR,1988.75,,EUR,-0.99,EUR,1987.76,f2baaf98-cabc-4f0c-946a-b0bfd593ce51
06-07-2020,10:48,PHARMA MAR SA,ES0169501030,MAD,-135,EUR,9.2500,EUR,1248.75,EUR,1248.75,,EUR,-2.62,EUR,1246.13,f2baaf98-cabc-4f0c-946a-b0bfd593ce51
06-07-2020,09:09,MONCLER,IT0004965148,MIL,100,EUR,34.4000,EUR,-3440.00,EUR,-3440.00,,EUR,-5.72,EUR,-3445.72,1646e409-730f-47f8-84fb-50e5d357c72c
03-07-2020,11:53,CELLNEX TELECOM SAU,ES0105066007,MAD,-55,EUR,55.8000,EUR,3069.00,EUR,3069.00,,EUR,-3.53,EUR,3065.47,d16a7379-21f8-46f5-8374-dc758473b182
03-07-2020,11:08,PHARMA MAR SA,ES0169501030,MAD,350,EUR,9.1800,EUR,-3213.00,EUR,-3213.00,,EUR,-3.61,EUR,-3216.61,654e269e-b6c0-4e43-8126-45b6bf350eb8
03-07-2020,10:20,PHARMA MAR SA,ES0169501030,MAD,-350,EUR,9.0500,EUR,3167.50,EUR,3167.50,,EUR,-3.58,EUR,3163.92,87080a61-d913-4fe3-950e-65f90a2a8bf4
02-07-2020,21:48,NIKOLA CORP,US6541101050,NDQ,30,USD,55.5000,USD,-1665.00,EUR,-1483.33,1.1225,EUR,-0.61,EUR,-1483.94,df301080-1fe1-4808-a2a7-49c3f5ed2c28
02-07-2020,15:47,NIKOLA CORP,US6541101050,NDQ,40,USD,61.8000,USD,-2472.00,EUR,-2195.82,1.1258,EUR,-0.64,EUR,-2196.46,0f799ea7-2fa7-4325-b986-5afd28a7c64b
02-07-2020,13:18,PHARMA MAR SA,ES0169501030,MAD,250,EUR,8.1000,EUR,-2025.00,EUR,-2025.00,,EUR,-3.01,EUR,-2028.01,dbaf81ee-ba68-48d7-889c-507a99622670
02-07-2020,11:27,ACCIONA,ES0125220311,MAD,-40,EUR,90.8500,EUR,3634.00,EUR,3634.00,,EUR,-3.82,EUR,3630.18,07d9c6bd-c3c4-46ac-ba43-24ea0e0d2c42
01-07-2020,09:27,ACCIONA,ES0125220311,MAD,40,EUR,86.5000,EUR,-3460.00,EUR,-3460.00,,EUR,-3.73,EUR,-3463.73,963b7545-078c-45b3-a6a0-fdaa3eb1668b
30-06-2020,16:29,TESLA MOTORS INC. - C,US88160R1014,NDQ,-6,USD,1045.0000,USD,6270.00,EUR,5584.64,1.1227,EUR,-0.52,EUR,5584.12,87f0217e-beb7-4621-b2af-306ac3e64e80
24-06-2020,16:04,NIKOLA CORP,US6541101050,NDQ,40,USD,70.5000,USD,-2820.00,EUR,-2505.83,1.1254,EUR,-0.64,EUR,-2506.47,5d01e40d-ac01-4538-99e2-6006b8c6da14
24-06-2020,10:15,INDITEX,ES0148396007,MAD,-100,EUR,24.0100,EUR,2401.00,EUR,2401.00,,EUR,-3.20,EUR,2397.80,160f13a7-2253-4711-9b48-5c1e028fa491
24-06-2020,09:05,CELLNEX TELECOM SAU,ES0105066007,MAD,55,EUR,53.0000,EUR,-2915.00,EUR,-2915.00,,EUR,-3.46,EUR,-2918.46,ad2d95e5-fdef-4694-966f-c1ec51dd8c0f
23-06-2020,21:44,NIKOLA CORP,US6541101050,NDQ,-40,USD,75.5000,USD,3020.00,EUR,2667.54,1.1321,EUR,-0.64,EUR,2666.90,ebea088f-2d9b-447c-aa3f-e449a9bd4e6e
19-06-2020,19:47,NIKOLA CORP,US6541101050,NDQ,60,USD,64.9000,USD,-3894.00,EUR,-3482.75,1.1181,EUR,-0.71,EUR,-3483.46,e6c5a8c5-71c4-412c-a583-afd3d4e86c4c
19-06-2020,17:25,"AIRTIFICIAL INTELLIGENCE STRUCTURES, S.A.",ES0152768612,MAD,-50000,EUR,0.0609,EUR,3045.00,EUR,3045.00,,EUR,-3.52,EUR,3041.48,85df33de-f222-4890-a0d2-9b4589e77f7a
19-06-2020,15:39,"AIRTIFICIAL INTELLIGENCE STRUCTURES, S.A.",ES0152768612,MAD,8300,EUR,0.0596,EUR,-494.68,EUR,-494.68,,EUR,-0.25,EUR,-494.93,fb46fa78-357b-45f7-b88a-a74d04c2e2c3
19-06-2020,15:38,"AIRTIFICIAL INTELLIGENCE STRUCTURES, S.A.",ES0152768612,MAD,41700,EUR,0.0596,EUR,-2485.32,EUR,-2485.32,,EUR,-3.24,EUR,-2488.56,fb46fa78-357b-45f7-b88a-a74d04c2e2c3
19-06-2020,15:35,PHARMA MAR SA,ES0169501030,MAD,-500,EUR,7.5400,EUR,3770.00,EUR,3770.00,,EUR,-3.89,EUR,3766.11,b48069c3-b0ed-4c5b-bbb4-a043845d300c
18-06-2020,15:50,MERLIN PROPERTIES SOCIMI SA,ES0105025003,MAD,250,EUR,8.0400,EUR,-2010.00,EUR,-2010.00,,EUR,-3.01,EUR,-2013.01,465c3798-4b2c-4266-a9c5-af5a0b6b4d10
17-06-2020,09:09,INDITEX,ES0148396007,MAD,100,EUR,24.7500,EUR,-2475.00,EUR,-2475.00,,EUR,-3.24,EUR,-2478.24,a63e9191-3db0-4f56-99f4-bbb608a09667
16-06-2020,15:33,NIKOLA CORP,US6541101050,NDQ,50,USD,70.0000,USD,-3500.00,EUR,-3105.67,1.1270,EUR,-0.68,EUR,-3106.35,c46b7f04-bf8c-430a-bf4a-6233e665b6cf
16-06-2020,15:05,MERLIN PROPERTIES SOCIMI SA,ES0105025003,MAD,-300,EUR,8.3100,EUR,2493.00,EUR,2493.00,,EUR,-3.25,EUR,2489.75,54cfdd81-c43a-4baa-ab36-4ad993e8d10e
16-06-2020,10:38,ACCIONA,ES0125220311,MAD,-30,EUR,94.0000,EUR,2820.00,EUR,2820.00,,EUR,-3.41,EUR,2816.59,18b59daa-b4aa-49f1-b585-b38e68fc7353
15-06-2020,09:05,NOVO NORDISK B A/S,DK0060534915,OMK,50,DKK,426.0000,DKK,-21300.00,EUR,-2859.89,7.4478,EUR,-5.43,EUR,-2865.32,3a865a9e-8c41-4a92-a838-a6fdeeeb4e0a
12-06-2020,17:21,TESLA MOTORS INC. - C,US88160R1014,NDQ,3,USD,932.0000,USD,-2796.00,EUR,-2489.15,1.1233,EUR,-0.51,EUR,-2489.66,f89a89c2-2ac1-4728-8f4e-58f1f273d899
12-06-2020,09:44,INT.AIRL.GRP,ES0177542018,MAD,-766,EUR,3.0150,EUR,2309.49,EUR,2309.49,,EUR,-1.15,EUR,2308.34,fe616daf-83ab-4b5b-ad58-83871e444a6f
12-06-2020,09:44,INT.AIRL.GRP,ES0177542018,MAD,-234,EUR,3.0150,EUR,705.51,EUR,705.51,,EUR,-2.35,EUR,703.16,fe616daf-83ab-4b5b-ad58-83871e444a6f
12-06-2020,09:42,INT.AIRL.GRP,ES0177542018,MAD,1000,EUR,3.0000,EUR,-3000.00,EUR,-3000.00,,EUR,-3.50,EUR,-3003.50,fade9e23-e35c-4183-a3e7-143eb623a237
11-06-2020,17:14,ACCIONA,ES0125220311,MAD,30,EUR,90.0000,EUR,-2700.00,EUR,-2700.00,,EUR,-3.35,EUR,-2703.35,3d723602-0627-4d31-99b7-723d68cbcf72
11-06-2020,15:46,INT.AIRL.GRP,ES0177542018,MAD,-260,EUR,2.9950,EUR,778.70,EUR,778.70,,EUR,-0.39,EUR,778.31,8c829fbd-bf53-48c0-900a-39b1425ffa40
11-06-2020,15:46,INT.AIRL.GRP,ES0177542018,MAD,-740,EUR,2.9950,EUR,2216.30,EUR,2216.30,,EUR,-3.11,EUR,2213.19,8c829fbd-bf53-48c0-900a-39b1425ffa40
11-06-2020,15:39,INT.AIRL.GRP,ES0177542018,MAD,1000,EUR,2.9390,EUR,-2939.00,EUR,-2939.00,,EUR,-3.47,EUR,-2942.47,54f27038-2c93-4392-bae8-b9aa8204d8d7
11-06-2020,09:08,MERLIN PROPERTIES SOCIMI SA,ES0105025003,MAD,300,EUR,7.9000,EUR,-2370.00,EUR,-2370.00,,EUR,-3.19,EUR,-2373.19,5f851d62-9454-49c8-83bf-deef9363451f
10-06-2020,16:07,TESLA MOTORS INC. - C,US88160R1014,NDQ,3,USD,1000.0000,USD,-3000.00,EUR,-2643.26,1.1350,EUR,-0.51,EUR,-2643.77,70b05f2f-9a66-4e1a-a6ea-055b2eaab34e
10-06-2020,09:05,INDITEX,ES0148396007,MAD,-76,EUR,25.7500,EUR,1957.00,EUR,1957.00,,EUR,-0.98,EUR,1956.02,c26af483-94fc-4460-874c-5765c48b0c10
10-06-2020,09:05,INDITEX,ES0148396007,MAD,-24,EUR,25.7500,EUR,618.00,EUR,618.00,,EUR,-2.31,EUR,615.69,c26af483-94fc-4460-874c-5765c48b0c10
10-06-2020,09:01,INDITEX,ES0148396007,MAD,100,EUR,25.1000,EUR,-2510.00,EUR,-2510.00,,EUR,-3.26,EUR,-2513.26,138b298a-3e7b-4dc3-877e-97b07436b877
09-06-2020,09:36,SOLARIA,ES0165386014,MAD,-300,EUR,9.3500,EUR,2805.00,EUR,2805.00,,EUR,-3.40,EUR,2801.60,2b16fe7e-68b7-4380-9921-768c1eee5d94
09-06-2020,09:01,INDITEX,ES0148396007,MAD,-100,EUR,26.4000,EUR,2640.00,EUR,2640.00,,EUR,-3.32,EUR,2636.68,ba218bad-e5a3-45fe-9271-881c69579c5b
08-06-2020,15:30,BIOSEARCH,ES0172233118,MAD,-3000,EUR,1.1400,EUR,3420.00,EUR,3420.00,,EUR,-3.71,EUR,3416.29,63755288-7e02-4671-bb95-de846cf5a3fc
08-06-2020,12:52,INDITEX,ES0148396007,MAD,100,EUR,26.5500,EUR,-2655.00,EUR,-2655.00,,EUR,-3.33,EUR,-2658.33,1fb4d89b-7d12-4bc6-bf47-be1c83d4631f
08-06-2020,09:43,PHARMA MAR SA,ES0169501030,MAD,181,EUR,5.8500,EUR,-1058.85,EUR,-1058.85,,EUR,-0.53,EUR,-1059.38,39379d42-6d66-4111-a30a-93e46884b0ac
08-06-2020,09:43,PHARMA MAR SA,ES0169501030,MAD,319,EUR,5.8500,EUR,-1866.15,EUR,-1866.15,,EUR,-2.93,EUR,-1869.08,39379d42-6d66-4111-a30a-93e46884b0ac
08-06-2020,09:19,BIOSEARCH,ES0172233118,MAD,74,EUR,1.1100,EUR,-82.14,EUR,-82.14,,EUR,-0.04,EUR,-82.18,82dd3948-2b0a-4be0-a014-5d3e2bb15974
08-06-2020,09:16,BIOSEARCH,ES0172233118,MAD,2926,EUR,1.1100,EUR,-3247.86,EUR,-3247.86,,EUR,-3.62,EUR,-3251.48,82dd3948-2b0a-4be0-a014-5d3e2bb15974
08-06-2020,09:12,SOLARIA,ES0165386014,MAD,300,EUR,9.6500,EUR,-2895.00,EUR,-2895.00,,EUR,-3.45,EUR,-2898.45,4e546551-0d6b-4b67-9dd5-b7181046bdf3
04-06-2020,11:10,INDITEX,ES0148396007,MAD,-100,EUR,26.2800,EUR,2628.00,EUR,2628.00,,EUR,-3.31,EUR,2624.69,e935c8f8-fb8c-4bcc-b2a4-b7a250d5153b
04-06-2020,10:57,INT.AIRL.GRP,ES0177542018,MAD,-800,EUR,3.1920,EUR,2553.60,EUR,2553.60,,EUR,-3.28,EUR,2550.32,03e52f3d-0852-4ce5-9450-f283d0289ec8
04-06-2020,09:02,INT.AIRL.GRP,ES0177542018,MAD,800,EUR,3.0000,EUR,-2400.00,EUR,-2400.00,,EUR,-3.20,EUR,-2403.20,4cb9fddf-c798-4f04-b03c-f7e6ae472407
04-06-2020,09:00,INDITEX,ES0148396007,MAD,100,EUR,26.5100,EUR,-2651.00,EUR,-2651.00,,EUR,-3.33,EUR,-2654.33,88c1e3ab-ea98-4f05-8fbd-8c1bdc1f70bf
03-06-2020,15:49,INDITEX,ES0148396007,MAD,-100,EUR,26.4500,EUR,2645.00,EUR,2645.00,,EUR,-3.32,EUR,2641.68,64bc99bb-22a5-4c7a-bf18-a980ccc90c31
03-06-2020,11:19,MERLIN PROPERTIES SOCIMI SA,ES0105025003,MAD,-300,EUR,8.3800,EUR,2514.00,EUR,2514.00,,EUR,-3.26,EUR,2510.74,d166d07e-6703-47ee-9914-418b2fc29419
02-06-2020,17:29,ACCIONA,ES0125220311,MAD,-30,EUR,93.0000,EUR,2790.00,EUR,2790.00,,EUR,-3.40,EUR,2786.60,6c517b9b-85e1-4b71-b961-4c94f6556494
02-06-2020,15:42,PHARMA MAR SA,ES0169501030,MAD,-500,EUR,5.9800,EUR,2990.00,EUR,2990.00,,EUR,-3.50,EUR,2986.50,159a2a9b-22d5-4ef4-ba4f-b1b3c5f246ad
02-06-2020,15:31,PHARMA MAR SA,ES0169501030,MAD,500,EUR,6.0200,EUR,-3010.00,EUR,-3010.00,,EUR,-3.51,EUR,-3013.51,7a21b253-b4d2-48b6-b39a-7f479e9192d9
02-06-2020,09:05,MERLIN PROPERTIES SOCIMI SA,ES0105025003,MAD,104,EUR,7.8300,EUR,-814.32,EUR,-814.32,,EUR,-0.41,EUR,-814.73,537ecf73-0a58-478e-973d-ff56cda0dcbf
02-06-2020,09:05,MERLIN PROPERTIES SOCIMI SA,ES0105025003,MAD,196,EUR,7.8300,EUR,-1534.68,EUR,-1534.68,,EUR,-2.77,EUR,-1537.45,537ecf73-0a58-478e-973d-ff56cda0dcbf
01-06-2020,16:49,MERLIN PROPERTIES SOCIMI SA,ES0105025003,MAD,-300,EUR,7.8100,EUR,2343.00,EUR,2343.00,,EUR,-3.17,EUR,2339.83,39cfab41-4711-4436-86dc-b3319e39bf99
01-06-2020,15:57,ACCIONA,ES0125220311,MAD,30,EUR,88.9000,EUR,-2667.00,EUR,-2667.00,,EUR,-3.33,EUR,-2670.33,6969d033-4cc6-439e-99d4-3c0df1c9e6a2
01-06-2020,10:24,INDITEX,ES0148396007,MAD,100,EUR,25.0500,EUR,-2505.00,EUR,-2505.00,,EUR,-3.25,EUR,-2508.25,5a8d9ffc-9211-4ea3-9cae-3d0f287d1345
01-06-2020,09:05,INT.AIRL.GRP,ES0177542018,MAD,-1000,EUR,2.7300,EUR,2730.00,EUR,2730.00,,EUR,-3.37,EUR,2726.63,3905727f-2687-485b-90fd-026643b0b1c6
29-05-2020,14:08,INT.AIRL.GRP,ES0177542018,MAD,811,EUR,2.6020,EUR,-2110.22,EUR,-2110.22,,EUR,-1.06,EUR,-2111.28,de1e444b-2b23-42e5-8f93-df72661f7f2c
29-05-2020,14:08,INT.AIRL.GRP,ES0177542018,MAD,63,EUR,2.6020,EUR,-163.93,EUR,-163.93,,EUR,-0.08,EUR,-164.01,de1e444b-2b23-42e5-8f93-df72661f7f2c
29-05-2020,14:08,INT.AIRL.GRP,ES0177542018,MAD,63,EUR,2.6020,EUR,-163.93,EUR,-163.93,,EUR,-0.08,EUR,-164.01,de1e444b-2b23-42e5-8f93-df72661f7f2c
29-05-2020,14:08,INT.AIRL.GRP,ES0177542018,MAD,63,EUR,2.6020,EUR,-163.93,EUR,-163.93,,EUR,-2.08,EUR,-166.01,de1e444b-2b23-42e5-8f93-df72661f7f2c
29-05-2020,12:34,PHARMA MAR SA,ES0169501030,MAD,-500,EUR,6.1100,EUR,3055.00,EUR,3055.00,,EUR,-3.53,EUR,3051.47,a1be30a5-2686-47f6-8c47-1e1e394aae4d
29-05-2020,10:23,MERLIN PROPERTIES SOCIMI SA,ES0105025003,MAD,300,EUR,7.4400,EUR,-2232.00,EUR,-2232.00,,EUR,-3.12,EUR,-2235.12,000b91c2-d645-42f2-b4da-7e0b7c28eebe
28-05-2020,15:09,PHARMA MAR SA,ES0169501030,MAD,39,EUR,5.7750,EUR,-225.23,EUR,-225.23,,EUR,-0.11,EUR,-225.34,2acf981f-abe9-41f5-9b43-907991597a9a
28-05-2020,15:09,PHARMA MAR SA,ES0169501030,MAD,322,EUR,5.7750,EUR,-1859.55,EUR,-1859.55,,EUR,-0.93,EUR,-1860.48,2acf981f-abe9-41f5-9b43-907991597a9a
28-05-2020,15:09,PHARMA MAR SA,ES0169501030,MAD,88,EUR,5.7750,EUR,-508.20,EUR,-508.20,,EUR,-0.25,EUR,-508.45,2acf981f-abe9-41f5-9b43-907991597a9a
28-05-2020,15:09,PHARMA MAR SA,ES0169501030,MAD,30,EUR,5.7750,EUR,-173.25,EUR,-173.25,,EUR,-0.09,EUR,-173.34,2acf981f-abe9-41f5-9b43-907991597a9a
28-05-2020,15:09,PHARMA MAR SA,ES0169501030,MAD,21,EUR,5.7750,EUR,-121.28,EUR,-121.28,,EUR,-2.06,EUR,-123.34,2acf981f-abe9-41f5-9b43-907991597a9a
27-05-2020,11:31,INDITEX,ES0148396007,MAD,-200,EUR,24.3000,EUR,4860.00,EUR,4860.00,,EUR,-4.43,EUR,4855.57,95ea759c-2490-4c44-89ff-b39bdf12e6b2
27-05-2020,10:53,INT.AIRL.GRP,ES0177542018,MAD,-884,EUR,2.7900,EUR,2466.36,EUR,2466.36,,EUR,-1.23,EUR,2465.13,3308822b-29e9-4674-8ad3-9d1688c290e6
27-05-2020,10:53,INT.AIRL.GRP,ES0177542018,MAD,-116,EUR,2.7900,EUR,323.64,EUR,323.64,,EUR,-2.16,EUR,321.48,3308822b-29e9-4674-8ad3-9d1688c290e6
26-05-2020,14:58,INT.AIRL.GRP,ES0177542018,MAD,500,EUR,2.5720,EUR,-1286.00,EUR,-1286.00,,EUR,-0.64,EUR,-1286.64,e0437d02-0a7c-4fa4-8e87-528cf9789cf4
26-05-2020,14:57,INT.AIRL.GRP,ES0177542018,MAD,500,EUR,2.5720,EUR,-1286.00,EUR,-1286.00,,EUR,-2.64,EUR,-1288.64,e0437d02-0a7c-4fa4-8e87-528cf9789cf4
26-05-2020,13:14,PHARMA MAR SA,ES0169501030,MAD,-500,EUR,5.8500,EUR,2925.00,EUR,2925.00,,EUR,-3.46,EUR,2921.54,b517fad7-75a6-4bd4-acca-74b851c896a1
25-05-2020,13:13,ACCIONA,ES0125220311,MAD,-30,EUR,84.6000,EUR,2538.00,EUR,2538.00,,EUR,-3.27,EUR,2534.73,17d0e182-06ca-42d4-b310-a90263835332
25-05-2020,11:38,INDITEX,ES0148396007,MAD,100,EUR,23.6100,EUR,-2361.00,EUR,-2361.00,,EUR,-3.18,EUR,-2364.18,674345d0-6237-4f0d-9bfc-dfceaa19541f
22-05-2020,10:59,PHARMA MAR SA,ES0169501030,MAD,500,EUR,5.6500,EUR,-2825.00,EUR,-2825.00,,EUR,-3.41,EUR,-2828.41,cf909d43-71ff-4e25-8ffa-24a5c6b84a25
22-05-2020,09:15,ACCIONA,ES0125220311,MAD,30,EUR,82.1000,EUR,-2463.00,EUR,-2463.00,,EUR,-3.23,EUR,-2466.23,c59b7f01-ab6b-4329-90c3-d8ae55f34e67
21-05-2020,15:48,PHARMA MAR SA,ES0169501030,MAD,-401,EUR,5.6100,EUR,2249.61,EUR,2249.61,,EUR,-1.12,EUR,2248.49,107bcb23-630d-4f4b-a284-ddfc6f07d296
21-05-2020,15:48,PHARMA MAR SA,ES0169501030,MAD,-99,EUR,5.6100,EUR,555.39,EUR,555.39,,EUR,-2.28,EUR,553.11,107bcb23-630d-4f4b-a284-ddfc6f07d296
21-05-2020,10:59,ACCIONA,ES0125220311,MAD,-30,EUR,83.4500,EUR,2503.50,EUR,2503.50,,EUR,-3.25,EUR,2500.25,1a663977-4014-47cd-86a0-df3bfaa6c6d0
21-05-2020,09:00,INDITEX,ES0148396007,MAD,100,EUR,23.1400,EUR,-2314.00,EUR,-2314.00,,EUR,-3.16,EUR,-2317.16,6945c870-e382-494a-8d19-b0903a1ed5cc
20-05-2020,16:57,MERLIN PROPERTIES SOCIMI SA,ES0105025003,MAD,-300,EUR,7.0700,EUR,2121.00,EUR,2121.00,,EUR,-3.06,EUR,2117.94,bb935296-9b5f-4194-9ed5-83d92c65b028
20-05-2020,12:04,ACCIONA,ES0125220311,MAD,30,EUR,81.1000,EUR,-2433.00,EUR,-2433.00,,EUR,-3.22,EUR,-2436.22,0927a3db-b3b4-419c-a10b-d6f081e7f9e1
20-05-2020,10:38,PHARMA MAR SA,ES0169501030,MAD,263,EUR,5.4300,EUR,-1428.09,EUR,-1428.09,,EUR,-0.71,EUR,-1428.80,9fff420a-2c84-4f38-8af5-2d2e1e1463c5
20-05-2020,10:36,PHARMA MAR SA,ES0169501030,MAD,237,EUR,5.4300,EUR,-1286.91,EUR,-1286.91,,EUR,-2.64,EUR,-1289.55,9fff420a-2c84-4f38-8af5-2d2e1e1463c5
20-05-2020,10:17,MERLIN PROPERTIES SOCIMI SA,ES0105025003,MAD,300,EUR,6.8750,EUR,-2062.50,EUR,-2062.50,,EUR,-3.03,EUR,-2065.53,dc9b9e7a-a756-4c13-8121-e8c363c6255c
18-05-2020,13:54,AUDAX RENOVABLES SA,ES0136463017,MAD,-1000,EUR,1.8500,EUR,1850.00,EUR,1850.00,,EUR,-2.93,EUR,1847.07,7b9ad6fe-94c7-431e-ad20-a81221bb7b6d
15-05-2020,09:42,PHARMA MAR SA,ES0169501030,MAD,500,EUR,5.2500,EUR,-2625.00,EUR,-2625.00,,EUR,-3.31,EUR,-2628.31,edd19fbe-64fe-453d-964d-1c769e5db8d6
14-05-2020,17:23,AUDAX RENOVABLES SA,ES0136463017,MAD,-1000,EUR,1.8700,EUR,1870.00,EUR,1870.00,,EUR,-2.94,EUR,1867.06,0871155d-02b6-4f87-97f8-0f4536c9d042
14-05-2020,13:46,AUDAX RENOVABLES SA,ES0136463017,MAD,-525,EUR,1.7800,EUR,934.50,EUR,934.50,,EUR,-0.47,EUR,934.03,2c9ca14b-2c00-469c-9b57-ae59558bd468
14-05-2020,13:46,AUDAX RENOVABLES SA,ES0136463017,MAD,-475,EUR,1.7880,EUR,849.30,EUR,849.30,,EUR,-2.42,EUR,846.88,2c9ca14b-2c00-469c-9b57-ae59558bd468
14-05-2020,12:12,TEC.REUNIDAS,ES0178165017,MAD,-300,EUR,12.6400,EUR,3792.00,EUR,3792.00,,EUR,-3.90,EUR,3788.10,76868fd5-9545-4c0d-aef0-73d912d3bb61
14-05-2020,09:08,AUDAX RENOVABLES SA,ES0136463017,MAD,1000,EUR,1.8700,EUR,-1870.00,EUR,-1870.00,,EUR,-2.94,EUR,-1872.94,e4edf16c-c942-4759-bfc8-073c261c2307
14-05-2020,09:01,PHARMA MAR SA,ES0169501030,MAD,-500,EUR,5.3500,EUR,2675.00,EUR,2675.00,,EUR,-3.34,EUR,2671.66,27b4280e-a2b4-4772-bf1c-3d7b4043f932
13-05-2020,15:26,MERLIN PROPERTIES SOCIMI SA,ES0105025003,MAD,-217,EUR,7.0900,EUR,1538.53,EUR,1538.53,,EUR,-0.77,EUR,1537.76,3c18fa4b-425a-4cb5-88a3-1b7a1a88aca1
13-05-2020,15:26,MERLIN PROPERTIES SOCIMI SA,ES0105025003,MAD,-83,EUR,7.0900,EUR,588.47,EUR,588.47,,EUR,-2.29,EUR,586.18,3c18fa4b-425a-4cb5-88a3-1b7a1a88aca1
06-05-2020,09:17,PHARMA MAR SA,ES0169501030,MAD,500,EUR,5.6100,EUR,-2805.00,EUR,-2805.00,,EUR,-3.40,EUR,-2808.40,5a5e38f2-6d66-4810-93bc-ed49ed8018b8
04-05-2020,10:50,MERLIN PROPERTIES SOCIMI SA,ES0105025003,MAD,300,EUR,7.9100,EUR,-2373.00,EUR,-2373.00,,EUR,-3.19,EUR,-2376.19,869e6791-1dfe-4e43-b498-b0260e03d81b
30-04-2020,11:04,MERLIN PROPERTIES SOCIMI SA,ES0105025003,MAD,-400,EUR,8.4500,EUR,3380.00,EUR,3380.00,,EUR,-3.69,EUR,3376.31,5db34351-57c1-416d-b881-73e2fc7fc53b
22-04-2020,17:09,AUDAX RENOVABLES SA,ES0136463017,MAD,-1000,EUR,2.0250,EUR,2025.00,EUR,2025.00,,EUR,-3.01,EUR,2021.99,7bbd28f3-1ac2-4ad6-8652-46c21f4d8aaf
21-04-2020,09:29,FACEPHI BIOMETRIA SA,ES0105029005,MAD,-384,EUR,4.6200,EUR,1774.08,EUR,1774.08,,EUR,-0.89,EUR,1773.19,c8269405-5047-439a-8fdb-c48ae88ff64b
21-04-2020,09:29,FACEPHI BIOMETRIA SA,ES0105029005,MAD,-116,EUR,4.6300,EUR,537.08,EUR,537.08,,EUR,-2.27,EUR,534.81,c8269405-5047-439a-8fdb-c48ae88ff64b
20-04-2020,11:54,AUDAX RENOVABLES SA,ES0136463017,MAD,-1000,EUR,1.8660,EUR,1866.00,EUR,1866.00,,EUR,-2.93,EUR,1863.07,7fd60602-1d9d-4f7b-8b3a-081abe377a2c
15-04-2020,10:54,MERLIN PROPERTIES SOCIMI SA,ES0105025003,MAD,400,EUR,7.6700,EUR,-3068.00,EUR,-3068.00,,EUR,-3.53,EUR,-3071.53,86be29de-f0bf-4489-8142-2baa4196878e
15-04-2020,10:53,FACEPHI BIOMETRIA SA,ES0105029005,MAD,-500,EUR,5.4800,EUR,2740.00,EUR,2740.00,,EUR,-3.37,EUR,2736.63,38d80e1b-a012-4370-9ec4-9328ac48ec76
14-04-2020,10:04,TEC.REUNIDAS,ES0178165017,MAD,300,EUR,14.3000,EUR,-4290.00,EUR,-4290.00,,EUR,-4.15,EUR,-4294.15,22e81356-4980-4fd4-b291-4859c029b4cb
09-04-2020,15:43,MERLIN PROPERTIES SOCIMI SA,ES0105025003,MAD,-400,EUR,8.2900,EUR,3316.00,EUR,3316.00,,EUR,-3.66,EUR,3312.34,d04becaa-9ecd-4768-9b29-6d22e54ccdfe
08-04-2020,10:06,AUDAX RENOVABLES SA,ES0136463017,MAD,-1000,EUR,1.7600,EUR,1760.00,EUR,1760.00,,EUR,-2.88,EUR,1757.12,c51880d6-5576-4be5-9d84-c6244cc1595f
08-04-2020,09:00,MERLIN PROPERTIES SOCIMI SA,ES0105025003,MAD,3,EUR,8.0700,EUR,-24.21,EUR,-24.21,,EUR,-0.01,EUR,-24.22,9a1c3636-6e1f-414e-a7fd-32553074a30e
08-04-2020,09:00,MERLIN PROPERTIES SOCIMI SA,ES0105025003,MAD,153,EUR,8.0700,EUR,-1234.71,EUR,-1234.71,,EUR,-0.62,EUR,-1235.33,9a1c3636-6e1f-414e-a7fd-32553074a30e
08-04-2020,09:00,MERLIN PROPERTIES SOCIMI SA,ES0105025003,MAD,244,EUR,8.0700,EUR,-1969.08,EUR,-1969.08,,EUR,-2.98,EUR,-1972.06,9a1c3636-6e1f-414e-a7fd-32553074a30e
07-04-2020,16:59,FACEPHI BIOMETRIA SA,ES0105029005,MAD,144,EUR,5.0000,EUR,-720.00,EUR,-720.00,,EUR,-0.36,EUR,-720.36,0d654aeb-5775-412f-9b27-543215e07568
07-04-2020,16:58,FACEPHI BIOMETRIA SA,ES0105029005,MAD,356,EUR,4.9600,EUR,-1765.76,EUR,-1765.76,,EUR,-2.88,EUR,-1768.64,0d654aeb-5775-412f-9b27-543215e07568
07-04-2020,10:07,FACEPHI BIOMETRIA SA,ES0105029005,MAD,500,EUR,5.3000,EUR,-2650.00,EUR,-2650.00,,EUR,-3.33,EUR,-2653.33,15e4f693-e25b-4fb5-8c1a-6527742e153a
01-04-2020,21:52,TESLA MOTORS INC. - C,US88160R1014,NDQ,-5,USD,480.0000,USD,2400.00,EUR,2189.99,1.0959,EUR,-0.52,EUR,2189.47,870de029-765d-48f7-a5c4-a482bbef6b1a
01-04-2020,18:08,TESLA MOTORS INC. - C,US88160R1014,NDQ,-5,USD,497.5200,USD,2487.60,EUR,2272.62,1.0946,EUR,-0.52,EUR,2272.10,ab7c0ec5-a962-46e6-bf4e-67b64881c9a2
30-03-2020,17:10,TESLA MOTORS INC. - C,US88160R1014,NDQ,5,USD,500.0000,USD,-2500.00,EUR,-2267.38,1.1026,EUR,-0.52,EUR,-2267.90,e5e14aed-4b53-4527-9406-82df675787f0
27-03-2020,20:59,TESLA MOTORS INC. - C,US88160R1014,NDQ,-5,USD,516.0000,USD,2580.00,EUR,2317.83,1.1131,EUR,-0.52,EUR,2317.31,2546ec9b-8f73-400d-af16-b7f981615759
25-03-2020,17:34,TESLA MOTORS INC. - C,US88160R1014,NDQ,-8,USD,550.0000,USD,4400.00,EUR,4057.98,1.0843,EUR,-0.53,EUR,4057.45,e3b0a471-5733-4e99-8ecb-4c3181317181
20-03-2020,18:12,TESLA MOTORS INC. - C,US88160R1014,NDQ,8,USD,447.0000,USD,-3576.00,EUR,-3352.29,1.0667,EUR,-0.53,EUR,-3352.82,0b75b2a1-8f58-46e7-ad91-000eec9ca345
20-03-2020,17:10,TESLA MOTORS INC. - C,US88160R1014,NDQ,-8,USD,440.0000,USD,3520.00,EUR,3286.74,1.0710,EUR,-0.53,EUR,3286.21,ef610e1c-2b65-4da6-bcf9-2642b10accff
19-03-2020,15:24,TESLA MOTORS INC. - C,US88160R1014,NDQ,4,USD,417.0000,USD,-1668.00,EUR,-1545.56,1.0792,EUR,-0.51,EUR,-1546.07,d5468487-8eb9-4143-985c-809d364a38fa
19-03-2020,15:06,ETFS PHYSICAL GOLD,JE00B1VS3770,MIL,-10,EUR,131.0000,EUR,1310.00,EUR,1310.00,,EUR,-0.39,EUR,1309.61,2be02204-6fd2-4884-8ef9-b569afd24635
19-03-2020,14:56,TESLA MOTORS INC. - C,US88160R1014,NDQ,3,USD,389.5900,USD,-1168.77,EUR,-1084.18,1.0780,EUR,-0.51,EUR,-1084.69,a284b6ef-be4e-496a-82e9-f91f77544aa9
19-03-2020,12:46,ETFS PHYSICAL GOLD,JE00B1VS3770,MIL,-10,EUR,131.0000,EUR,1310.00,EUR,1310.00,,EUR,-2.39,EUR,1307.61,2be02204-6fd2-4884-8ef9-b569afd24635
17-03-2020,17:09,AUDAX RENOVABLES SA,ES0136463017,MAD,1000,EUR,1.4700,EUR,-1470.00,EUR,-1470.00,,EUR,-2.74,EUR,-1472.74,6d12353d-e7cd-4458-98ca-8717654a3be6
17-03-2020,17:02,RED ELECTRICA CORPORACION SA,ES0173093024,MAD,-100,EUR,15.1300,EUR,1513.00,EUR,1513.00,,EUR,-2.76,EUR,1510.24,f9c5f2a1-d4d3-4656-8450-788b76c775a2
12-03-2020,09:46,AUDAX RENOVABLES SA,ES0136463017,MAD,830,EUR,1.6300,EUR,-1352.90,EUR,-1352.90,,EUR,-0.68,EUR,-1353.58,86ed1c0a-547b-4f57-913c-a528ea5042ef
12-03-2020,09:46,AUDAX RENOVABLES SA,ES0136463017,MAD,170,EUR,1.6300,EUR,-277.10,EUR,-277.10,,EUR,-2.14,EUR,-279.24,86ed1c0a-547b-4f57-913c-a528ea5042ef
11-03-2020,20:07,TESLA MOTORS INC. - C,US88160R1014,NDQ,2,USD,616.0000,USD,-1232.00,EUR,-1093.87,1.1263,EUR,-0.51,EUR,-1094.38,00b62e94-1bed-4141-8153-5130c66b7bda
10-03-2020,16:23,INT.AIRL.GRP,ES0177542018,MAD,-550,EUR,4.8200,EUR,2651.00,EUR,2651.00,,EUR,-3.33,EUR,2647.67,3c0d391e-7ee9-46da-b169-476a0ba590de
05-03-2020,11:40,INT.AIRL.GRP,ES0177542018,MAD,250,EUR,4.9600,EUR,-1240.00,EUR,-1240.00,,EUR,-2.62,EUR,-1242.62,bf743e13-1c21-4030-bf71-a84f72f4b9c7
05-03-2020,09:00,INT.AIRL.GRP,ES0177542018,MAD,300,EUR,5.2300,EUR,-1569.00,EUR,-1569.00,,EUR,-2.78,EUR,-1571.78,902b77ba-39da-440e-820c-1a07359e7112
04-03-2020,19:09,APPLE INC. - COMMON ST,US0378331005,NDQ,-10,USD,299.5000,USD,2995.00,EUR,2688.48,1.1140,EUR,-0.54,EUR,2687.94,ba49d0ab-9cc9-48db-88b4-b50aab7d739e
03-03-2020,19:20,TESLA MOTORS INC. - C,US88160R1014,NDQ,3,USD,753.0000,USD,-2259.00,EUR,-2024.95,1.1156,EUR,-0.51,EUR,-2025.46,bd477285-2bd4-4310-9392-425dd2075414
03-03-2020,16:01,RED ELECTRICA CORPORACION SA,ES0173093024,MAD,50,EUR,17.6350,EUR,-881.75,EUR,-881.75,,EUR,-2.44,EUR,-884.19,81cf134a-78f8-4dc4-8c22-a0b0f7ac9234
03-03-2020,09:26,RED ELECTRICA CORPORACION SA,ES0173093024,MAD,50,EUR,17.6900,EUR,-884.50,EUR,-884.50,,EUR,-2.44,EUR,-886.94,0afc77fb-7c40-4393-b20f-e4436d319127
28-02-2020,15:50,TESLA MOTORS INC. - C,US88160R1014,NDQ,3,USD,628.0000,USD,-1884.00,EUR,-1720.07,1.0953,EUR,-0.51,EUR,-1720.58,7669b39e-5f7e-42a0-bbac-cab98d1bd56f
28-02-2020,09:53,ORYZON GENOMICS,ES0167733015,MAD,-500,EUR,2.6900,EUR,1345.00,EUR,1345.00,,EUR,-2.67,EUR,1342.33,c9de4760-db05-44f9-b31c-a4d03b3d90e9
27-02-2020,17:53,APPLE INC. - COMMON ST,US0378331005,NDQ,10,USD,280.1600,USD,-2801.60,EUR,-2554.33,1.0968,EUR,-0.54,EUR,-2554.87,19c5718c-eb7c-44f4-bcde-c051559f1703
27-02-2020,16:55,TESLA MOTORS INC. - C,US88160R1014,NDQ,3,USD,695.0000,USD,-2085.00,EUR,-1898.39,1.0983,EUR,-0.51,EUR,-1898.90,d70418c0-edb4-4a1b-89d8-7ef96058fc94
25-02-2020,15:58,AUDAX RENOVABLES SA,ES0136463017,MAD,550,EUR,2.4600,EUR,-1353.00,EUR,-1353.00,,EUR,-2.68,EUR,-1355.68,786a3d55-b2d7-494a-98f8-4150ed71600e
25-02-2020,13:22,ETFS PHYSICAL GOLD,JE00B1VS3770,MIL,-7,EUR,144.6900,EUR,1012.83,EUR,1012.83,,EUR,-0.30,EUR,1012.53,8950a6df-d9eb-499b-80b3-6154265fbd5d
25-02-2020,13:22,ETFS PHYSICAL GOLD,JE00B1VS3770,MIL,-10,EUR,144.6900,EUR,1446.90,EUR,1446.90,,EUR,-0.43,EUR,1446.47,8950a6df-d9eb-499b-80b3-6154265fbd5d
25-02-2020,13:22,ETFS PHYSICAL GOLD,JE00B1VS3770,MIL,-33,EUR,144.6700,EUR,4774.11,EUR,4774.11,,EUR,-3.43,EUR,4770.68,8950a6df-d9eb-499b-80b3-6154265fbd5d
25-02-2020,10:37,AUDAX RENOVABLES SA,ES0136463017,MAD,650,EUR,2.3400,EUR,-1521.00,EUR,-1521.00,,EUR,-0.76,EUR,-1521.76,531a608e-a249-4909-94cb-a5a303bf3e0a
25-02-2020,10:36,AUDAX RENOVABLES SA,ES0136463017,MAD,200,EUR,2.3400,EUR,-468.00,EUR,-468.00,,EUR,-0.23,EUR,-468.23,531a608e-a249-4909-94cb-a5a303bf3e0a
25-02-2020,10:36,AUDAX RENOVABLES SA,ES0136463017,MAD,100,EUR,2.3400,EUR,-234.00,EUR,-234.00,,EUR,-2.12,EUR,-236.12,531a608e-a249-4909-94cb-a5a303bf3e0a
25-02-2020,10:33,RED ELECTRICA CORPORACION SA,ES0173093024,MAD,-100,EUR,18.8900,EUR,1889.00,EUR,1889.00,,EUR,-2.94,EUR,1886.06,3ec94818-fa50-4d9f-9ee4-ba727e49815d
21-02-2020,12:20,RED ELECTRICA CORPORACION SA,ES0173093024,MAD,100,EUR,19.5450,EUR,-1954.50,EUR,-1954.50,,EUR,-2.98,EUR,-1957.48,c309597d-eec4-4f96-a36a-145fc71f81a2
20-02-2020,10:40,AUDAX RENOVABLES SA,ES0136463017,MAD,500,EUR,2.6860,EUR,-1343.00,EUR,-1343.00,,EUR,-2.67,EUR,-1345.67,e898396d-e80b-488d-ae56-cf535824f9cf
19-02-2020,09:06,ORYZON GENOMICS,ES0167733015,MAD,500,EUR,3.2800,EUR,-1640.00,EUR,-1640.00,,EUR,-2.82,EUR,-1642.82,0ecbcdd4-9a92-41ae-a077-0a57d587e690
13-02-2020,21:33,TESLA MOTORS INC. - C,US88160R1014,NDQ,-2,USD,793.9200,USD,1587.84,EUR,1463.06,1.0853,EUR,-0.51,EUR,1462.55,7c558f18-c315-40f1-82fd-e0291bca64cd
11-02-2020,13:54,AUDAX RENOVABLES SA,ES0136463017,MAD,1000,EUR,2.5000,EUR,-2500.00,EUR,-2500.00,,EUR,-3.25,EUR,-2503.25,fed5c0c6-7f8c-4a5b-8bdd-81873ca9737b
05-02-2020,21:03,TESLA MOTORS INC. - C,US88160R1014,NDQ,2,USD,750.0000,USD,-1500.00,EUR,-1365.25,1.0987,EUR,-0.51,EUR,-1365.76,eabb6885-77ba-472e-b2ec-fee5885bd2f3
05-02-2020,15:31,TESLA MOTORS INC. - C,US88160R1014,NDQ,-2,USD,799.0000,USD,1598.00,EUR,1450.62,1.1016,EUR,-0.51,EUR,1450.11,47e28907-3888-4ce8-aa4f-64732b2dd442
04-02-2020,16:23,TESLA MOTORS INC. - C,US88160R1014,NDQ,2,USD,860.9200,USD,-1721.84,EUR,-1560.63,1.1033,EUR,-0.51,EUR,-1561.14,5f5c013f-9b6b-4bce-8173-4d9936d09bd0
03-02-2020,16:00,ETFS PHYSICAL GOLD,JE00B1VS3770,MIL,10,EUR,135.5000,EUR,-1355.00,EUR,-1355.00,,EUR,-2.41,EUR,-1357.41,66aa77d9-7ff6-422a-9e14-0df90fc5ed8b
27-01-2020,09:32,ETFS PHYSICAL GOLD,JE00B1VS3770,MIL,10,EUR,135.9700,EUR,-1359.70,EUR,-1359.70,,EUR,-2.52,EUR,-1362.22,65b7472f-1b5b-4f75-86dd-c8b78f854796
